{
  "project_info": {
    "project_number": "665000798955",
    "firebase_url": "https://ratemyride-d3e49.firebaseio.com",
    "project_id": "ratemyride-d3e49",
    "storage_bucket": "ratemyride-d3e49.appspot.com"
  },
  "client": [
    {
      "client_info": {
        "mobilesdk_app_id": "1:665000798955:android:d8d30f4bb41ef4af",
        "android_client_info": {
          "package_name": "com.ratemyride.garry.ratemyride"
        }
      },
      "oauth_client": [
        {
          "client_id": "665000798955-aj8lnqppq6okvdfvtk1hoauhmp014ft6.apps.googleusercontent.com",
          "client_type": 1,
          "android_info": {
            "package_name": "com.ratemyride.garry.ratemyride",
            "certificate_hash": "a627f87cbea6ed260ec96503d824107017b69d3f"
          }
        },
        {
          "client_id": "665000798955-e2dpi2f05m3pkdfgel478bik0d2a36lh.apps.googleusercontent.com",
          "client_type": 3
        }
      ],
      "api_key": [
        {
          "current_key": "AIzaSyC9j4Qd2evFo12lUwlfrFWmDG6g15Lob6o"
        }
      ],
      "services": {
        "analytics_service": {
          "status": 1
        },
        "appinvite_service": {
          "status": 2,
          "other_platform_oauth_client": [
            {
              "client_id": "665000798955-e2dpi2f05m3pkdfgel478bik0d2a36lh.apps.googleusercontent.com",
              "client_type": 3
            }
          ]
        },
        "ads_service": {
          "status": 2
        }
      }
    },
    {
      "client_info": {
        "mobilesdk_app_id": "1:665000798955:android:94da04c675b17cfb",
        "android_client_info": {
          "package_name": "garry.com.ratemyride"
        }
      },
      "oauth_client": [
        {
          "client_id": "665000798955-jiog4g673st6h0tthdc3e3qprqjva2h6.apps.googleusercontent.com",
          "client_type": 1,
          "android_info": {
            "package_name": "garry.com.ratemyride",
            "certificate_hash": "a627f87cbea6ed260ec96503d824107017b69d3f"
          }
        },
        {
          "client_id": "665000798955-e2dpi2f05m3pkdfgel478bik0d2a36lh.apps.googleusercontent.com",
          "client_type": 3
        }
      ],
      "api_key": [
        {
          "current_key": "AIzaSyC9j4Qd2evFo12lUwlfrFWmDG6g15Lob6o"
        }
      ],
      "services": {
        "analytics_service": {
          "status": 1
        },
        "appinvite_service": {
          "status": 2,
          "other_platform_oauth_client": [
            {
              "client_id": "665000798955-e2dpi2f05m3pkdfgel478bik0d2a36lh.apps.googleusercontent.com",
              "client_type": 3
            }
          ]
        },
        "ads_service": {
          "status": 2
        }
      }
    },
    {
      "client_info": {
        "mobilesdk_app_id": "1:665000798955:android:61277e60eafaa1f8",
        "android_client_info": {
          "package_name": "garry.com.ratemyride2"
        }
      },
      "oauth_client": [
        {
          "client_id": "665000798955-kihek5t7soj00sia3ipsa6dsk938nbb5.apps.googleusercontent.com",
          "client_type": 1,
          "android_info": {
            "package_name": "garry.com.ratemyride2",
            "certificate_hash": "a627f87cbea6ed260ec96503d824107017b69d3f"
          }
        },
        {
          "client_id": "665000798955-e2dpi2f05m3pkdfgel478bik0d2a36lh.apps.googleusercontent.com",
          "client_type": 3
        }
      ],
      "api_key": [
        {
          "current_key": "AIzaSyC9j4Qd2evFo12lUwlfrFWmDG6g15Lob6o"
        }
      ],
      "services": {
        "analytics_service": {
          "status": 1
        },
        "appinvite_service": {
          "status": 2,
          "other_platform_oauth_client": [
            {
              "client_id": "665000798955-e2dpi2f05m3pkdfgel478bik0d2a36lh.apps.googleusercontent.com",
              "client_type": 3
            }
          ]
        },
        "ads_service": {
          "status": 2
        }
      }
    }
  ],
  "configuration_version": "1"
}